{
  "ranker": {
    "examples": 192859,
    "logloss": 0.26958023430172323,
    "accuracy": 0.9447990500832214,
    "auc": 0.7007908476016513,
    "impressions": 5000,
    "recall@5": 0.5038328052742191,
    "ndcg@5": 0.37252510612766926,
    "intent_coverage@5": 0.6635400000000033,
    "intra_list_similarity@5": 0.5777326871098595
  },
  "world_model": {
    "examples": 10000,
    "mse": 1.5248145893565379e-05,
    "cosine_similarity": 0.9971132251739502
  },
  "planner": {
    "planner_slates": 200,
    "planner_intent_coverage@5": 0.9583,
    "planner_ils@5": 0.5272,
    "planner_hit_rate@5": 0.445
  }
}
